hours,attendance,marks
1,88,75
2,78,65
3,64,61
4,92,69
5,57,49
6,70,50
7,88,62
8,68,44
9,72,60
10,60,49
11,60,45
12,73,49
13,85,64
14,89,71
15,73,62
16,52,41
17,71,58
18,51,39
19,73,67
20,93,69
21,79,59
22,87,67
23,51,43
24,70,51
25,82,66
26,61,49
27,71,53
28,93,76
29,74,54
30,98,73
31,76,61
32,91,64
33,77,51
34,65,55
35,64,56
36,96,74
37,100,77
38,93,79
39,52,36
40,86,62
41,100,83
42,56,45
43,70,61
44,58,36
45,88,63
46,67,54
47,53,44
48,74,63
49,63,51
50,99,80
51,58,44
52,75,68
53,51,35
54,69,57
55,77,57
56,96,80
57,56,40
58,93,78
59,57,46
60,96,86
61,84,66
62,63,53
63,66,49
64,85,67
65,99,80
66,89,64
67,53,35
68,51,44
69,55,43
70,91,70
71,53,39
72,78,59
73,67,54
74,75,62
75,93,64
76,83,74
77,59,54
78,85,57
79,63,56
80,80,70
81,97,78
82,64,45
83,57,51
84,63,50
85,72,61
86,89,83
87,70,58
88,65,48
89,94,74
90,67,50
91,96,79
92,73,55
93,75,58
94,74,53
95,94,75
96,90,73
97,78,49
98,64,53
99,94,75
100,50,37
101,74,70
102,56,50
103,58,41
104,73,63
105,50,47
106,93,76
107,57,48
108,73,61
109,60,38
110,100,80
111,66,52
112,57,53
113,84,69
114,84,66
115,82,66
116,54,49
117,91,73
118,88,68
119,90,71
120,77,67
121,56,48
122,58,47
123,57,47
124,61,47
125,83,66
126,82,63
127,97,77
128,72,65
129,73,54
130,86,66
131,84,62
132,93,68
133,89,71
134,71,55
135,76,70
136,84,67
137,50,47
138,84,73
139,86,69
140,96,88
141,63,53
142,52,50
143,50,48
144,54,46
145,75,65
146,63,54
147,88,66
148,76,62
149,58,53
150,64,60
151,64,49
152,75,64
153,91,75
154,62,50
155,100,83
156,81,67
157,88,74
158,98,87
159,81,70
160,53,45
161,79,74
162,86,75
163,72,58
164,88,65
165,94,71
166,64,57
167,92,72
168,78,59
169,85,65
170,62,47
171,81,70
172,56,45
173,100,74
174,71,58
175,77,64
176,51,40
177,91,80
178,94,74
179,55,51
180,77,66
181,77,68
182,93,70
183,93,76
184,69,56
185,79,57
186,60,55
187,77,59
188,74,58
189,88,67
190,82,71
191,50,34
192,76,65
193,62,56
194,90,76
195,52,47
196,88,76
197,55,41
198,57,54
199,76,60
200,58,48
201,86,69
202,82,70
203,100,79
204,91,75
205,93,70
206,73,66
207,64,56
208,81,65
209,81,64
210,73,63
211,90,70
212,98,81
213,98,86
214,61,46
215,88,74
216,51,44
217,52,43
218,98,78
219,86,77
220,98,77
221,66,45
222,98,83
223,51,37
224,51,46
225,77,70
226,72,63
227,86,76
228,81,77
229,82,72
230,50,43
231,68,64
232,51,51
233,93,85
234,75,59
235,81,60
236,55,43
237,81,70
238,53,45
239,60,49
240,66,58
241,87,64
242,73,61
243,54,51
244,83,71
245,55,49
246,71,67
247,60,50
248,97,76
249,65,60
250,82,73
251,58,51
252,55,45
253,65,54
254,78,58
255,52,49
256,69,63
257,85,64
258,68,61
259,75,64
260,52,39
261,68,50
262,69,59
263,81,65
264,56,56
265,90,79
266,82,70
267,89,76
268,88,79
269,67,60
270,89,76
271,50,37
272,60,66
273,77,58
274,74,60
275,99,73
276,72,63
277,80,67
278,79,69
279,91,66
280,84,75
281,56,43
282,65,54
283,75,67
284,97,81
285,98,82
286,51,47
287,50,45
288,97,78
289,61,50
290,54,47
291,86,67
292,81,72
293,58,50
294,90,75
295,84,76
296,68,56
297,97,79
298,65,52
299,52,46
300,69,59
301,73,58
302,82,67
303,73,58
304,60,47
305,98,72
306,57,47
307,85,62
308,87,70
309,89,71
310,69,63
311,84,65
312,97,76
313,74,60
314,84,67
315,74,69
316,78,59
317,67,54
318,95,80
319,67,61
320,51,42
321,84,60
322,65,54
323,90,81
324,85,72
325,82,70
326,53,40
327,82,63
328,63,53
329,70,52
330,97,84
331,69,54
332,57,48
333,56,38
334,52,42
335,66,50
336,82,57
337,97,83
338,61,60
339,100,89
340,71,63
341,71,58
342,95,83
343,79,72
344,87,73
345,87,67
346,94,76
347,100,91
348,57,48
349,76,47
350,76,56
351,83,67
352,70,64
353,79,65
354,82,74
355,77,62
356,96,70
357,82,66
358,54,48
359,97,82
360,68,51
361,53,44
362,84,84
363,98,75
364,66,59
365,93,67
366,77,69
367,79,62
368,78,68
369,95,73
370,55,49
371,84,66
372,90,72
373,86,74
374,73,59
375,78,68
376,98,81
377,95,80
378,80,70
379,84,69
380,82,64
381,70,57
382,81,74
383,72,62
384,82,65
385,52,47
386,67,59
387,74,65
388,91,71
389,80,64
390,52,42
391,89,73
392,95,82
393,73,63
394,99,85
395,81,75
396,96,84
397,71,60
398,72,55
399,51,41
400,76,63
401,91,80
402,51,44
403,75,60
404,66,53
405,89,74
406,82,74
407,58,58
408,92,76
409,97,81
410,88,68
411,78,76
412,91,69
413,75,69
414,84,69
415,99,80
416,74,57
417,73,74
418,62,54
419,56,49
420,85,76
421,94,76
422,69,59
423,50,44
424,57,47
425,95,86
426,65,55
427,63,46
428,61,51
429,100,85
430,72,57
431,64,51
432,77,63
433,83,76
434,51,42
435,81,76
436,72,58
437,71,62
438,100,82
439,74,67
440,71,55
441,71,64
442,98,83
443,91,74
444,55,47
445,64,63
446,92,78
447,86,69
448,82,64
449,57,52
450,93,79
451,93,82
452,54,40
453,88,69
454,53,52
455,55,50
456,94,82
457,81,64
458,79,62
459,96,86
460,84,76
461,89,70
462,65,50
463,62,53
464,99,79
465,91,73
466,79,61
467,68,56
468,66,51
469,68,53
470,77,67
471,75,64
472,86,75
473,75,56
474,72,62
475,58,61
476,61,51
477,50,48
478,50,48
479,96,85
480,83,72
481,81,72
482,97,85
483,74,67
484,89,70
485,94,71
486,50,37
487,65,55
488,88,78
489,54,42
490,71,66
491,78,64
492,52,44
493,61,49
494,75,55
495,65,58
496,100,93
497,86,73
498,71,52
499,78,71
500,63,47
501,77,60
502,54,47
503,96,82
504,98,78
505,79,66
506,95,84
507,54,52
508,61,60
509,65,66
510,75,69
511,75,64
512,97,87
513,70,63
514,88,78
515,85,74
516,82,66
517,79,63
518,86,73
519,72,63
520,59,49
521,54,50
522,85,83
523,83,62
524,80,72
525,59,52
526,68,61
527,81,67
528,50,44
529,54,49
530,94,78
531,53,40
532,65,56
533,73,56
534,65,60
535,51,36
536,98,88
537,77,69
538,81,72
539,76,55
540,69,58
541,73,69
542,61,51
543,99,79
544,84,69
545,82,70
546,82,66
547,100,91
548,92,78
549,86,71
550,61,47
551,52,49
552,50,47
553,82,67
554,89,65
555,59,54
556,92,78
557,93,81
558,78,77
559,62,55
560,61,51
561,80,63
562,95,80
563,51,47
564,100,85
565,99,93
566,84,75
567,72,62
568,66,54
569,75,67
570,57,46
571,78,69
572,75,68
573,59,51
574,75,62
575,83,61
576,100,91
577,90,79
578,56,52
579,53,40
580,99,91
581,94,78
582,60,52
583,78,62
584,85,64
585,74,70
586,70,68
587,85,73
588,59,49
589,86,72
590,58,50
591,73,58
592,84,71
593,98,85
594,84,78
595,97,83
596,85,66
597,67,61
598,98,83
599,88,83
600,81,77
601,73,71
602,72,60
603,81,80
604,86,76
605,61,62
606,98,81
607,62,54
608,72,65
609,74,66
610,84,79
611,90,76
612,79,75
613,66,62
614,98,83
615,69,64
616,97,81
617,74,77
618,71,49
619,62,59
620,68,51
621,98,83
622,85,73
623,61,62
624,90,74
625,68,67
626,61,49
627,58,59
628,56,48
629,77,68
630,63,55
631,80,76
632,68,66
633,96,85
634,65,52
635,54,45
636,84,68
637,61,43
638,74,71
639,70,60
640,85,72
641,72,71
642,65,56
643,88,72
644,94,80
645,91,73
646,88,78
647,63,55
648,80,67
649,54,46
650,84,73
651,72,64
652,78,66
653,92,78
654,60,54
655,67,59
656,96,83
657,61,51
658,58,58
659,59,54
660,93,78
661,66,61
662,87,75
663,56,42
664,95,84
665,62,51
666,89,82
667,91,78
668,58,56
669,99,82
670,76,67
671,51,53
672,54,48
673,78,66
674,86,78
675,87,79
676,68,58
677,57,42
678,97,81
679,94,85
680,50,42
681,71,63
682,66,56
683,56,41
684,74,62
685,94,85
686,53,37
687,85,76
688,55,44
689,80,73
690,68,64
691,93,80
692,88,76
693,76,63
694,59,47
695,75,75
696,68,57
697,88,85
698,52,44
699,94,84
700,62,50
701,99,88
702,77,66
703,69,60
704,77,71
705,57,50
706,90,71
707,88,81
708,50,41
709,52,51
710,62,61
711,77,66
712,98,91
713,74,68
714,82,69
715,87,83
716,55,45
717,93,79
718,94,81
719,81,75
720,94,87
721,96,89
722,70,64
723,65,57
724,70,54
725,60,48
726,86,84
727,85,66
728,84,70
729,68,67
730,69,63
731,67,65
732,96,86
733,90,86
734,98,87
735,63,61
736,64,54
737,80,74
738,50,45
739,52,46
740,65,63
741,72,69
742,60,63
743,61,64
744,59,59
745,81,63
746,65,68
747,57,57
748,87,73
749,61,59
750,73,60
751,77,72
752,57,46
753,77,65
754,85,79
755,75,72
756,57,54
757,99,85
758,77,58
759,77,68
760,86,79
761,90,78
762,85,75
763,76,67
764,66,58
765,58,54
766,82,71
767,69,70
768,62,46
769,77,66
770,97,80
771,78,71
772,62,57
773,95,91
774,84,84
775,55,47
776,67,61
777,100,88
778,54,46
779,96,87
780,74,65
781,51,43
782,59,53
783,79,66
784,99,92
785,94,92
786,54,52
787,82,74
788,50,48
789,67,67
790,81,78
791,96,84
792,98,87
793,60,59
794,70,58
795,75,74
796,74,75
797,71,70
798,76,62
799,98,76
800,62,61
801,82,69
802,83,75
803,90,87
804,84,71
805,50,46
806,70,65
807,97,79
808,55,48
809,77,69
810,66,59
811,54,54
812,80,85
813,54,51
814,87,73
815,52,56
816,72,57
817,86,70
818,86,74
819,59,53
820,59,52
821,68,62
822,66,62
823,70,69
824,63,59
825,58,51
826,95,89
827,50,44
828,100,80
829,94,89
830,62,63
831,53,46
832,50,46
833,98,82
834,89,81
835,81,81
836,83,78
837,77,75
838,80,76
839,57,53
840,88,84
841,75,72
842,83,82
843,52,47
844,99,78
845,61,62
846,50,50
847,93,81
848,54,50
849,79,84
850,79,68
851,66,57
852,97,86
853,96,91
854,72,77
855,64,63
856,86,71
857,70,74
858,63,58
859,51,45
860,60,51
861,100,92
862,88,80
863,87,79
864,83,81
865,87,74
866,99,94
867,83,72
868,67,73
869,79,74
870,64,55
871,76,59
872,100,92
873,83,73
874,87,77
875,82,78
876,73,72
877,64,66
878,79,66
879,91,88
880,100,85
881,66,50
882,54,46
883,78,72
884,53,46
885,59,55
886,66,63
887,59,55
888,66,59
889,69,57
890,73,67
891,54,41
892,83,71
893,55,48
894,51,48
895,62,57
896,92,87
897,92,90
898,97,80
899,60,66
900,100,85
901,96,86
902,72,69
903,65,73
904,80,70
905,60,48
906,65,68
907,57,50
908,53,49
909,89,74
910,53,49
911,74,64
912,52,54
913,81,74
914,52,47
915,76,74
916,78,72
917,81,64
918,99,92
919,100,90
920,68,70
921,70,65
922,54,48
923,67,61
924,77,74
925,91,78
926,71,63
927,70,64
928,55,47
929,50,45
930,54,53
931,90,87
932,61,59
933,75,69
934,95,81
935,83,81
936,98,89
937,63,56
938,75,73
939,94,87
940,76,66
941,58,55
942,75,66
943,96,99
944,71,68
945,96,87
946,79,75
947,92,89
948,97,86
949,66,59
950,75,73
951,85,76
952,50,44
953,57,48
954,98,95
955,84,77
956,64,57
957,96,85
958,71,70
959,63,58
960,75,62
961,77,72
962,72,73
963,63,65
964,73,65
965,51,56
966,94,85
967,75,75
968,63,62
969,100,82
970,56,63
971,52,51
972,96,89
973,72,60
974,95,88
975,92,88
976,96,96
977,94,91
978,67,66
979,87,71
980,84,77
981,100,86
982,64,62
983,74,62
984,86,77
985,77,68
986,59,54
987,88,77
988,66,62
989,88,81
990,71,54
991,75,58
992,93,82
993,74,68
994,66,63
995,62,55
996,69,65
997,74,69
998,53,48
999,59,62
1000,52,52
1001,90,84
1002,94,85
1003,67,74
1004,96,89
1005,85,75
1006,96,90
1007,71,58
1008,83,77
1009,96,88
1010,57,56
1011,89,79
1012,98,83
1013,93,80
1014,68,65
1015,91,77
1016,90,91
1017,86,65
1018,55,52
1019,75,70
1020,83,79
1021,94,80
1022,55,59
1023,86,72
1024,82,73
1025,71,70
1026,70,71
1027,55,47
1028,55,67
1029,97,83
1030,53,46
1031,79,76
1032,60,56
1033,79,71
1034,80,77
1035,73,61
1036,58,48
1037,52,48
1038,100,95
1039,80,71
1040,89,89
1041,86,85
1042,85,79
1043,73,70
1044,80,75
1045,55,55
1046,51,49
1047,69,64
1048,77,66
1049,60,47
1050,53,58
1051,64,62
1052,55,54
1053,98,90
1054,79,69
1055,87,75
1056,100,89
1057,51,58
1058,64,55
1059,60,45
1060,57,53
1061,75,76
1062,100,81
1063,94,79
1064,93,86
1065,54,66
1066,55,47
1067,75,63
1068,53,54
1069,68,71
1070,69,62
1071,82,68
1072,69,68
1073,98,92
1074,61,68
1075,96,90
1076,50,54
1077,75,69
1078,63,73
1079,87,78
1080,86,76
1081,60,67
1082,85,71
1083,62,51
1084,92,85
1085,52,52
1086,82,75
1087,55,59
1088,99,85
1089,59,58
1090,54,52
1091,72,64
1092,59,57
1093,93,89
1094,51,62
1095,62,63
1096,89,69
1097,51,51
1098,69,66
1099,50,55
1100,86,80
1101,58,63
1102,66,65
1103,58,65
1104,60,56
1105,64,62
1106,73,73
1107,87,77
1108,84,74
1109,79,71
1110,80,71
1111,98,92
1112,54,45
1113,93,77
1114,99,99
1115,63,57
1116,60,60
1117,58,50
1118,83,78
1119,61,56
1120,84,70
1121,84,85
1122,50,57
1123,89,81
1124,71,73
1125,78,83
1126,57,60
1127,60,61
1128,90,84
1129,86,83
1130,63,59
1131,79,73
1132,84,80
1133,70,64
1134,86,78
1135,54,54
1136,68,71
1137,63,56
1138,75,75
1139,53,57
1140,74,74
1141,94,82
1142,91,75
1143,74,73
1144,67,65
1145,89,87
1146,57,53
1147,88,85
1148,89,87
1149,63,61
1150,81,78
1151,100,93
1152,87,77
1153,82,79
1154,72,77
1155,64,62
1156,82,69
1157,74,67
1158,66,55
1159,82,83
1160,96,92
1161,51,49
1162,63,54
1163,89,78
1164,89,79
1165,100,92
1166,88,82
1167,100,98
1168,55,52
1169,55,48
1170,52,47
1171,56,56
1172,100,88
1173,57,55
1174,91,82
1175,64,67
1176,96,85
1177,78,72
1178,82,80
1179,79,72
1180,88,84
1181,76,74
1182,85,80
1183,78,68
1184,87,87
1185,82,88
1186,86,80
1187,76,67
1188,82,77
1189,53,59
1190,71,65
1191,51,52
1192,59,60
1193,54,61
1194,59,63
1195,82,81
1196,87,79
1197,62,63
1198,80,72
1199,96,93
1200,85,85
1201,94,89
1202,73,68
1203,64,62
1204,78,83
1205,57,55
1206,54,60
1207,78,76
1208,96,87
1209,53,47
1210,61,61
1211,94,87
1212,51,61
1213,76,68
1214,80,87
1215,100,94
1216,100,94
1217,85,77
1218,85,81
1219,75,74
1220,92,90
1221,76,68
1222,54,62
1223,69,69
1224,60,63
1225,59,58
1226,89,78
1227,87,82
1228,55,57
1229,57,50
1230,72,73
1231,96,94
1232,75,68
1233,95,83
1234,92,84
1235,61,61
1236,75,71
1237,62,61
1238,89,84
1239,67,59
1240,74,65
1241,82,64
1242,96,93
1243,89,83
1244,92,91
1245,61,55
1246,93,86
1247,85,81
1248,97,87
1249,53,47
1250,54,64
1251,86,88
1252,57,56
1253,91,87
1254,98,88
1255,77,69
1256,80,85
1257,58,50
1258,100,91
1259,78,75
1260,63,71
1261,89,88
1262,90,76
1263,71,69
1264,60,60
1265,72,69
1266,50,55
1267,95,81
1268,86,79
1269,70,71
1270,75,76
1271,95,89
1272,85,79
1273,72,69
1274,50,56
1275,100,92
1276,89,78
1277,64,57
1278,70,61
1279,96,96
1280,58,63
1281,58,58
1282,59,57
1283,75,69
1284,90,90
1285,84,89
1286,74,69
1287,75,78
1288,60,61
1289,87,81
1290,51,61
1291,56,57
1292,67,68
1293,76,74
1294,83,71
1295,76,75
1296,66,62
1297,92,79
1298,93,84
1299,100,90
1300,73,76
1301,74,66
1302,56,53
1303,55,58
1304,73,64
1305,82,75
1306,98,83
1307,78,80
1308,92,85
1309,71,69
1310,75,77
1311,77,71
1312,99,90
1313,70,63
1314,98,86
1315,56,53
1316,66,63
1317,69,66
1318,90,86
1319,98,87
1320,69,69
1321,71,72
1322,77,72
1323,89,80
1324,98,92
1325,56,57
1326,50,54
1327,81,85
1328,62,63
1329,79,73
1330,72,66
1331,100,89
1332,68,60
1333,81,82
1334,79,65
1335,78,78
1336,98,87
1337,94,86
1338,78,71
1339,79,83
1340,65,65
1341,89,88
1342,68,74
1343,67,67
1344,50,47
1345,63,62
1346,100,89
1347,96,87
1348,99,92
1349,51,53
1350,77,77
1351,98,94
1352,99,92
1353,79,78
1354,87,80
1355,100,100
1356,53,53
1357,50,59
1358,57,51
1359,78,74
1360,88,82
1361,52,56
1362,81,82
1363,59,54
1364,59,55
1365,68,61
1366,95,96
1367,83,81
1368,82,73
1369,72,69
1370,77,81
1371,81,77
1372,99,91
1373,56,54
1374,78,71
1375,57,65
1376,50,62
1377,52,50
1378,73,79
1379,72,68
1380,57,62
1381,96,97
1382,86,81
1383,52,53
1384,100,97
1385,82,73
1386,77,81
1387,96,91
1388,57,56
1389,83,77
1390,84,74
1391,81,76
1392,73,70
1393,63,59
1394,81,78
1395,95,92
1396,92,86
1397,65,69
1398,53,52
1399,86,87
1400,70,70
1401,63,72
1402,80,90
1403,97,89
1404,67,65
1405,56,57
1406,59,64
1407,56,65
1408,82,76
1409,72,73
1410,70,69
1411,68,71
1412,97,99
1413,68,67
1414,85,73
1415,78,80
1416,67,63
1417,51,54
1418,50,58
1419,96,92
1420,54,56
1421,69,66
1422,60,47
1423,91,90
1424,51,53
1425,52,63
1426,72,73
1427,61,60
1428,69,74
1429,54,63
1430,86,82
1431,87,89
1432,79,74
1433,58,61
1434,83,83
1435,93,92
1436,84,84
1437,71,69
1438,93,94
1439,73,72
1440,66,64
1441,59,58
1442,79,87
1443,95,86
1444,72,78
1445,81,73
1446,66,69
1447,99,95
1448,100,100
1449,66,64
1450,63,60
1451,58,60
1452,89,94
1453,51,50
1454,94,76
1455,74,74
1456,88,89
1457,58,55
1458,71,75
1459,92,83
1460,95,89
1461,53,60
1462,75,68
1463,78,77
1464,94,95
1465,83,83
1466,72,68
1467,86,91
1468,60,65
1469,55,49
1470,67,72
1471,70,67
1472,91,88
1473,85,87
1474,90,83
1475,87,76
1476,83,88
1477,66,73
1478,86,83
1479,74,78
1480,87,82
1481,61,64
1482,72,71
1483,91,85
1484,71,73
1485,70,64
1486,76,74
1487,80,80
1488,55,68
1489,76,69
1490,89,88
1491,83,84
1492,61,54
1493,94,92
1494,56,64
1495,59,65
1496,94,89
1497,66,69
1498,75,75
1499,70,62
1500,77,77
1501,95,89
1502,51,52
1503,92,100
1504,50,61
1505,100,89
1506,85,84
1507,100,100
1508,75,67
1509,78,77
1510,70,71
1511,60,56
1512,89,88
1513,60,68
1514,85,90
1515,98,92
1516,88,98
1517,89,76
1518,84,84
1519,83,74
1520,96,92
1521,73,71
1522,71,74
1523,54,57
1524,82,76
1525,85,79
1526,96,100
1527,69,72
1528,68,61
1529,84,85
1530,92,87
1531,66,68
1532,94,94
1533,92,94
1534,83,77
1535,58,61
1536,75,72
1537,51,59
1538,58,60
1539,58,61
1540,89,85
1541,66,67
1542,50,63
1543,74,86
1544,92,90
1545,89,86
1546,91,80
1547,74,70
1548,88,85
1549,84,79
1550,52,54
1551,99,100
1552,86,84
1553,93,90
1554,93,86
1555,100,100
1556,79,77
1557,87,82
1558,83,74
1559,61,64
1560,68,67
1561,86,92
1562,93,99
1563,98,87
1564,66,62
1565,59,61
1566,98,89
1567,96,93
1568,61,62
1569,65,69
1570,73,79
1571,68,64
1572,57,66
1573,80,76
1574,70,82
1575,66,76
1576,72,72
1577,86,79
1578,65,62
1579,55,64
1580,57,61
1581,74,79
1582,67,80
1583,74,71
1584,61,58
1585,64,68
1586,75,81
1587,90,83
1588,94,91
1589,75,82
1590,96,84
1591,81,81
1592,59,60
1593,65,68
1594,56,64
1595,66,69
1596,72,68
1597,75,73
1598,70,79
1599,71,74
1600,56,65
1601,63,67
1602,64,71
1603,56,58
1604,58,58
1605,100,99
1606,97,99
1607,57,57
1608,99,92
1609,72,72
1610,78,86
1611,67,72
1612,80,73
1613,79,78
1614,88,85
1615,84,77
1616,67,69
1617,91,87
1618,88,84
1619,66,66
1620,63,73
1621,80,78
1622,73,74
1623,84,83
1624,93,88
1625,94,91
1626,83,82
1627,52,58
1628,86,80
1629,92,88
1630,89,91
1631,75,75
1632,72,74
1633,93,91
1634,88,88
1635,64,70
1636,98,93
1637,53,54
1638,78,72
1639,71,78
1640,74,79
1641,62,69
1642,67,74
1643,82,81
1644,65,65
1645,94,86
1646,91,83
1647,93,96
1648,51,54
1649,84,88
1650,91,88
1651,83,79
1652,79,74
1653,62,63
1654,62,73
1655,67,64
1656,81,91
1657,81,77
1658,84,87
1659,88,86
1660,95,90
1661,78,72
1662,98,94
1663,78,73
1664,93,82
1665,65,69
1666,93,87
1667,96,100
1668,59,68
1669,79,88
1670,74,72
1671,88,87
1672,69,58
1673,54,58
1674,50,57
1675,79,80
1676,98,94
1677,52,58
1678,94,78
1679,63,68
1680,79,82
1681,99,100
1682,53,61
1683,67,69
1684,86,91
1685,74,64
1686,97,91
1687,50,53
1688,95,92
1689,64,57
1690,58,69
1691,64,66
1692,98,96
1693,73,76
1694,53,65
1695,61,56
1696,86,86
1697,86,91
1698,92,90
1699,55,56
1700,88,84
1701,95,91
1702,73,71
1703,60,64
1704,62,74
1705,83,80
1706,74,73
1707,56,64
1708,53,58
1709,57,56
1710,69,71
1711,78,79
1712,100,100
1713,94,87
1714,95,98
1715,59,63
1716,92,85
1717,83,77
1718,75,86
1719,90,88
1720,98,100
1721,52,50
1722,55,74
1723,54,64
1724,54,59
1725,96,92
1726,72,78
1727,98,99
1728,58,64
1729,84,84
1730,69,75
1731,98,87
1732,91,88
1733,84,76
1734,99,99
1735,67,67
1736,66,62
1737,73,71
1738,52,59
1739,81,81
1740,84,78
1741,87,78
1742,62,67
1743,96,91
1744,74,75
1745,58,63
1746,53,62
1747,63,72
1748,86,87
1749,83,82
1750,60,65
1751,90,87
1752,52,50
1753,77,84
1754,78,84
1755,58,73
1756,52,70
1757,74,70
1758,83,82
1759,61,78
1760,91,90
1761,58,65
1762,64,61
1763,89,89
1764,74,86
1765,54,67
1766,60,62
1767,83,82
1768,73,70
1769,64,64
1770,87,77
1771,57,62
1772,54,68
1773,97,97
1774,75,84
1775,67,76
1776,55,59
1777,86,82
1778,97,91
1779,62,58
1780,77,79
1781,54,46
1782,62,70
1783,66,70
1784,99,99
1785,89,94
1786,94,94
1787,81,90
1788,78,83
1789,100,94
1790,52,58
1791,89,77
1792,83,79
1793,89,87
1794,76,81
1795,62,63
1796,94,86
1797,82,74
1798,55,58
1799,73,86
1800,68,73
1801,65,74
1802,89,84
1803,77,71
1804,82,77
1805,97,95
1806,90,80
1807,62,62
1808,92,88
1809,94,86
1810,74,66
1811,91,92
1812,85,86
1813,76,82
1814,87,82
1815,56,66
1816,54,69
1817,92,93
1818,94,90
1819,100,98
1820,80,78
1821,72,71
1822,91,94
1823,59,64
1824,81,89
1825,92,89
1826,79,79
1827,88,85
1828,80,76
1829,67,75
1830,85,97
1831,51,57
1832,63,65
1833,62,64
1834,78,77
1835,61,75
1836,88,85
1837,51,56
1838,81,76
1839,62,69
1840,95,94
1841,76,73
1842,98,92
1843,90,98
1844,66,71
1845,89,90
1846,80,82
1847,83,91
1848,73,71
1849,94,91
1850,84,84
1851,97,87
1852,55,57
1853,68,78
1854,79,85
1855,56,68
1856,59,62
1857,90,88
1858,81,74
1859,83,89
1860,77,85
1861,64,75
1862,79,89
1863,86,89
1864,78,88
1865,71,74
1866,53,52
1867,69,78
1868,81,74
1869,85,87
1870,99,100
1871,53,62
1872,76,90
1873,66,61
1874,61,67
1875,71,75
1876,66,64
1877,59,60
1878,50,54
1879,71,70
1880,75,78
1881,67,69
1882,99,99
1883,63,72
1884,96,98
1885,78,79
1886,61,69
1887,85,92
1888,84,88
1889,61,76
1890,56,68
1891,78,89
1892,60,54
1893,82,85
1894,55,61
1895,96,95
1896,64,66
1897,81,85
1898,100,89
1899,60,69
1900,72,72
1901,75,76
1902,83,87
1903,95,95
1904,83,90
1905,78,76
1906,53,61
1907,66,76
1908,84,88
1909,62,70
1910,90,96
1911,88,87
1912,64,67
1913,78,84
1914,78,80
1915,60,72
1916,81,85
1917,51,56
1918,96,97
1919,63,65
1920,69,79
1921,71,69
1922,60,73
1923,76,81
1924,52,60
1925,66,75
1926,93,96
1927,77,87
1928,78,88
1929,70,77
1930,96,91
1931,65,68
1932,86,87
1933,69,79
1934,55,61
1935,68,71
1936,54,71
1937,52,60
1938,50,56
1939,87,92
1940,64,70
1941,83,78
1942,84,91
1943,98,94
1944,74,78
1945,73,77
1946,61,69
1947,67,62
1948,64,69
1949,93,99
1950,65,77
1951,76,75
1952,57,69
1953,95,91
1954,74,76
1955,66,70
1956,78,82
1957,57,70
1958,64,72
1959,76,79
1960,95,100
1961,99,94
1962,56,64
1963,52,66
1964,78,84
1965,93,91
1966,73,70
1967,52,62
1968,69,66
1969,95,94
1970,64,76
1971,74,81
1972,79,72
1973,63,71
1974,56,62
1975,66,66
1976,93,95
1977,69,72
1978,85,85
1979,58,66
1980,87,86
1981,97,97
1982,71,73
1983,51,57
1984,73,83
1985,57,70
1986,60,59
1987,62,73
1988,66,79
1989,57,73
1990,70,78
1991,67,68
1992,79,86
1993,67,69
1994,95,94
1995,96,98
1996,80,79
1997,87,83
1998,81,87
1999,60,77
2000,94,100
2001,74,82
2002,82,90
2003,87,92
2004,90,94
2005,57,70
2006,60,61
2007,71,77
2008,100,99
2009,73,78
2010,90,89
2011,66,75
2012,61,64
2013,95,93
2014,81,81
2015,64,75
2016,65,72
2017,71,74
2018,77,79
2019,69,75
2020,82,93
2021,59,61
2022,89,94
2023,81,87
2024,99,95
2025,82,93
2026,51,63
2027,82,83
2028,82,76
2029,90,93
2030,62,69
2031,79,78
2032,82,80
2033,62,74
2034,75,70
2035,71,78
2036,88,89
2037,51,63
2038,87,88
2039,88,92
2040,75,76
2041,95,96
2042,99,100
2043,64,72
2044,83,88
2045,91,88
2046,93,91
2047,98,96
2048,89,90
2049,60,75
2050,52,60
2051,55,58
2052,58,69
2053,55,71
2054,58,60
2055,88,100
2056,80,86
2057,81,90
2058,90,99
2059,99,100
2060,61,68
2061,57,72
2062,57,67
2063,99,100
2064,77,88
2065,69,70
2066,96,100
2067,56,64
2068,60,69
2069,69,76
2070,65,73
2071,53,70
2072,55,57
2073,71,68
2074,75,71
2075,52,67
2076,90,88
2077,91,94
2078,63,70
2079,60,64
2080,67,78
2081,61,68
2082,72,77
2083,61,70
2084,62,74
2085,74,75
2086,94,100
2087,100,100
2088,68,68
2089,95,98
2090,85,87
2091,94,99
2092,57,60
2093,78,91
2094,81,77
2095,100,99
2096,93,97
2097,67,71
2098,55,60
2099,67,75
2100,68,75
2101,71,77
2102,86,94
2103,81,83
2104,90,94
2105,52,60
2106,77,78
2107,59,66
2108,100,98
2109,84,86
2110,78,89
2111,64,71
2112,82,83
2113,56,66
2114,61,70
2115,98,93
2116,79,82
2117,70,75
2118,80,84
2119,73,83
2120,69,77
2121,86,96
2122,53,63
2123,77,91
2124,93,93
2125,69,72
2126,73,82
2127,99,100
2128,98,92
2129,100,100
2130,81,83
2131,90,94
2132,85,89
2133,83,94
2134,85,88
2135,51,69
2136,64,70
2137,83,92
2138,85,90
2139,55,74
2140,88,84
2141,91,88
2142,100,100
2143,100,97
2144,61,66
2145,52,58
2146,94,100
2147,67,68
2148,89,92
2149,70,76
2150,64,77
2151,82,84
2152,84,90
2153,75,75
2154,57,78
2155,85,88
2156,97,99
2157,79,93
2158,72,76
2159,91,100
2160,93,93
2161,63,75
2162,63,69
2163,51,55
2164,86,92
2165,54,68
2166,87,84
2167,94,95
2168,90,99
2169,96,100
2170,63,70
2171,88,89
2172,74,90
2173,69,69
2174,51,62
2175,88,84
2176,55,72
2177,66,74
2178,74,81
2179,77,97
2180,51,59
2181,84,97
2182,86,88
2183,54,63
2184,50,75
2185,89,92
2186,61,63
2187,85,91
2188,94,96
2189,72,81
2190,96,98
2191,80,96
2192,60,72
2193,59,63
2194,52,64
2195,63,68
2196,65,72
2197,59,64
2198,78,94
2199,59,65
2200,61,74
2201,79,83
2202,90,88
2203,50,63
2204,54,67
2205,69,80
2206,57,54
2207,92,89
2208,61,75
2209,50,57
2210,69,78
2211,77,77
2212,92,99
2213,86,95
2214,96,100
2215,86,96
2216,61,78
2217,86,85
2218,98,96
2219,98,100
2220,93,100
2221,77,80
2222,96,95
2223,64,70
2224,55,58
2225,93,90
2226,69,71
2227,99,99
2228,63,74
2229,51,65
2230,58,66
2231,86,88
2232,69,78
2233,75,74
2234,78,89
2235,50,68
2236,84,86
2237,55,64
2238,86,97
2239,54,64
2240,82,90
2241,98,100
2242,100,100
2243,63,75
2244,61,73
2245,91,98
2246,69,74
2247,99,99
2248,73,84
2249,92,96
2250,83,83
2251,74,91
2252,99,100
2253,78,85
2254,88,91
2255,80,87
2256,96,100
2257,92,86
2258,99,100
2259,72,76
2260,93,96
2261,87,92
2262,69,87
2263,72,79
2264,94,100
2265,65,76
2266,99,97
2267,91,96
2268,57,67
2269,99,96
2270,70,80
2271,50,62
2272,57,71
2273,78,86
2274,81,84
2275,87,96
2276,54,62
2277,96,84
2278,71,80
2279,96,96
2280,83,91
2281,50,72
2282,75,92
2283,92,95
2284,59,65
2285,79,88
2286,99,100
2287,67,78
2288,66,72
2289,75,84
2290,57,64
2291,96,100
2292,89,91
2293,98,100
2294,61,65
2295,76,87
2296,57,63
2297,74,83
2298,95,100
2299,53,64
2300,82,83
2301,50,65
2302,68,73
2303,80,85
2304,65,76
2305,63,80
2306,97,100
2307,54,66
2308,90,98
2309,75,83
2310,77,87
2311,51,69
2312,99,100
2313,55,50
2314,58,65
2315,82,94
2316,90,94
2317,74,80
2318,97,100
2319,62,72
2320,58,59
2321,62,65
2322,80,89
2323,90,94
2324,60,78
2325,53,61
2326,83,88
2327,87,88
2328,95,96
2329,53,56
2330,87,90
2331,68,77
2332,55,66
2333,83,100
2334,67,86
2335,62,69
2336,90,85
2337,72,80
2338,68,79
2339,94,94
2340,60,67
2341,50,71
2342,73,80
2343,56,71
2344,74,77
2345,70,79
2346,64,72
2347,50,60
2348,61,78
2349,56,61
2350,64,76
2351,70,77
2352,68,79
2353,78,84
2354,74,87
2355,82,84
2356,98,100
2357,81,88
2358,98,95
2359,84,94
2360,93,97
2361,87,84
2362,75,85
2363,60,76
2364,84,97
2365,57,67
2366,95,100
2367,63,74
2368,59,78
2369,51,60
2370,95,97
2371,58,65
2372,52,58
2373,70,80
2374,75,91
2375,57,68
2376,97,96
2377,51,65
2378,55,70
2379,77,84
2380,78,93
2381,75,79
2382,74,81
2383,61,74
2384,54,69
2385,83,90
2386,97,95
2387,86,100
2388,64,73
2389,93,98
2390,85,94
2391,64,71
2392,92,97
2393,97,98
2394,72,83
2395,55,66
2396,95,100
2397,99,97
2398,93,94
2399,92,90
2400,94,95
2401,70,67
2402,72,80
2403,92,94
2404,65,76
2405,96,100
2406,64,81
2407,74,96
2408,85,97
2409,60,69
2410,100,100
2411,64,79
2412,53,58
2413,70,78
2414,62,72
2415,71,83
2416,68,81
2417,83,86
2418,63,72
2419,53,68
2420,97,97
2421,95,100
2422,76,88
2423,78,87
2424,96,100
2425,77,83
2426,84,88
2427,57,67
2428,65,78
2429,91,98
2430,85,90
2431,79,91
2432,67,77
2433,51,61
2434,98,100
2435,62,68
2436,53,58
2437,75,84
2438,74,80
2439,79,86
2440,60,67
2441,56,75
2442,80,85
2443,93,96
2444,59,73
2445,88,87
2446,62,66
2447,80,90
2448,56,67
2449,98,98
2450,91,100
2451,91,93
2452,85,91
2453,69,75
2454,53,68
2455,56,76
2456,50,55
2457,93,99
2458,94,100
2459,91,95
2460,96,95
2461,62,76
2462,71,86
2463,70,85
2464,71,83
2465,77,86
2466,58,66
2467,75,88
2468,58,75
2469,64,70
2470,59,73
2471,73,86
2472,91,100
2473,57,69
2474,73,78
2475,65,74
2476,98,98
2477,75,84
2478,76,84
2479,86,100
2480,53,71
2481,99,100
2482,73,85
2483,68,77
2484,85,91
2485,88,94
2486,59,73
2487,74,86
2488,67,78
2489,68,77
2490,85,89
2491,59,65
2492,82,96
2493,99,100
2494,54,74
2495,96,95
2496,98,100
2497,84,97
2498,93,97
2499,83,93
2500,82,88
2501,70,88
2502,66,79
2503,71,77
2504,97,100
2505,86,99
2506,64,77
2507,84,94
2508,77,86
2509,56,64
2510,81,89
2511,60,75
2512,59,71
2513,58,75
2514,63,73
2515,62,73
2516,74,88
2517,51,67
2518,84,90
2519,56,75
2520,70,77
2521,67,75
2522,52,52
2523,91,95
2524,88,100
2525,90,86
2526,98,98
2527,60,75
2528,88,84
2529,73,81
2530,95,100
2531,68,89
2532,53,69
2533,75,80
2534,87,90
2535,91,98
2536,81,91
2537,88,100
2538,94,100
2539,95,100
2540,85,91
2541,89,100
2542,86,97
2543,82,87
2544,85,92
2545,52,62
2546,58,59
2547,57,72
2548,82,99
2549,55,61
2550,90,97
2551,88,92
2552,53,70
2553,62,74
2554,98,97
2555,51,61
2556,54,64
2557,93,100
2558,76,92
2559,81,88
2560,70,87
2561,57,70
2562,87,93
2563,57,71
2564,99,100
2565,52,64
2566,93,100
2567,52,71
2568,71,83
2569,55,69
2570,51,68
2571,72,86
2572,93,99
2573,51,64
2574,87,96
2575,66,70
2576,84,91
2577,83,79
2578,72,75
2579,79,79
2580,57,76
2581,71,82
2582,93,93
2583,85,96
2584,54,73
2585,62,77
2586,78,87
2587,80,91
2588,96,100
2589,65,75
2590,91,98
2591,79,87
2592,65,69
2593,61,79
2594,66,89
2595,65,73
2596,61,79
2597,57,67
2598,69,81
2599,52,75
2600,65,75
2601,79,89
2602,94,92
2603,72,80
2604,77,78
2605,100,100
2606,89,100
2607,54,68
2608,69,82
2609,89,95
2610,93,100
2611,50,66
2612,79,79
2613,70,86
2614,69,79
2615,55,63
2616,71,80
2617,67,70
2618,57,65
2619,88,97
2620,81,92
2621,82,93
2622,65,78
2623,61,71
2624,87,95
2625,83,90
2626,63,68
2627,85,90
2628,82,96
2629,72,91
2630,99,100
2631,94,100
2632,51,67
2633,90,100
2634,70,92
2635,51,58
2636,76,88
2637,58,73
2638,50,64
2639,60,76
2640,52,68
2641,72,80
2642,75,86
2643,53,74
2644,67,80
2645,55,73
2646,84,92
2647,71,85
2648,92,94
2649,64,75
2650,71,82
2651,86,88
2652,91,95
2653,61,76
2654,96,100
2655,98,100
2656,91,96
2657,87,96
2658,67,76
2659,94,100
2660,84,99
2661,79,92
2662,73,90
2663,91,99
2664,79,93
2665,63,77
2666,55,65
2667,52,69
2668,65,73
2669,56,83
2670,63,75
2671,58,76
2672,64,77
2673,70,76
2674,84,84
2675,51,71
2676,76,95
2677,51,63
2678,84,85
2679,67,78
2680,63,72
2681,69,78
2682,67,83
2683,59,73
2684,74,81
2685,51,70
2686,74,89
2687,82,90
2688,85,95
2689,80,93
2690,63,79
2691,50,67
2692,95,100
2693,65,81
2694,95,100
2695,52,66
2696,84,91
2697,90,100
2698,55,67
2699,74,84
2700,62,81
2701,83,94
2702,57,78
2703,70,87
2704,83,87
2705,53,68
2706,74,91
2707,64,72
2708,53,71
2709,94,100
2710,61,67
2711,81,92
2712,81,87
2713,77,82
2714,62,76
2715,80,81
2716,63,74
2717,69,95
2718,67,84
2719,78,85
2720,55,78
2721,81,87
2722,78,86
2723,92,95
2724,51,69
2725,72,91
2726,68,76
2727,80,80
2728,100,100
2729,54,78
2730,68,71
2731,83,96
2732,59,75
2733,74,82
2734,51,61
2735,60,80
2736,99,100
2737,80,92
2738,64,75
2739,58,69
2740,72,72
2741,68,80
2742,58,81
2743,84,90
2744,70,75
2745,58,76
2746,77,92
2747,95,100
2748,100,100
2749,56,73
2750,65,78
2751,65,84
2752,82,100
2753,53,61
2754,53,76
2755,88,98
2756,89,100
2757,66,83
2758,86,96
2759,88,100
2760,78,88
2761,85,91
2762,87,100
2763,88,93
2764,99,100
2765,86,96
2766,84,83
2767,56,69
2768,76,90
2769,77,87
2770,71,71
2771,63,84
2772,56,73
2773,86,98
2774,71,82
2775,54,73
2776,51,77
2777,76,84
2778,70,92
2779,87,99
2780,64,74
2781,70,94
2782,59,76
2783,72,88
2784,88,96
2785,54,67
2786,50,68
2787,62,85
2788,70,82
2789,75,87
2790,99,100
2791,94,100
2792,70,86
2793,67,85
2794,86,95
2795,94,100
2796,81,96
2797,85,93
2798,66,84
2799,84,92
2800,98,100
2801,60,68
2802,70,81
2803,75,83
2804,53,68
2805,83,97
2806,97,97
2807,67,71
2808,89,95
2809,84,97
2810,90,100
2811,78,86
2812,78,96
2813,87,94
2814,91,100
2815,70,82
2816,91,96
2817,62,74
2818,98,100
2819,90,100
2820,66,85
2821,58,76
2822,90,92
2823,50,78
2824,51,70
2825,97,100
2826,78,88
2827,82,99
2828,59,70
2829,99,100
2830,89,89
2831,70,87
2832,77,84
2833,60,77
2834,83,100
2835,57,78
2836,71,91
2837,57,79
2838,98,100
2839,64,82
2840,66,72
2841,72,82
2842,73,93
2843,94,100
2844,68,73
2845,54,81
2846,81,96
2847,93,100
2848,50,63
2849,72,87
2850,86,98
2851,57,70
2852,62,77
2853,57,66
2854,72,84
2855,92,100
2856,50,64
2857,94,100
2858,100,100
2859,73,85
2860,84,92
2861,73,86
2862,66,88
2863,54,66
2864,69,81
2865,70,87
2866,89,100
2867,80,93
2868,95,99
2869,85,96
2870,60,82
2871,64,71
2872,68,79
2873,56,64
2874,100,100
2875,77,96
2876,100,100
2877,92,97
2878,54,67
2879,54,70
2880,79,90
2881,81,98
2882,57,71
2883,59,78
2884,87,96
2885,96,100
2886,81,92
2887,97,100
2888,77,95
2889,66,80
2890,80,86
2891,57,79
2892,89,95
2893,74,89
2894,58,75
2895,51,68
2896,64,77
2897,99,100
2898,52,52
2899,98,100
2900,85,92
2901,53,73
2902,63,81
2903,90,100
2904,90,100
2905,74,84
2906,99,100
2907,59,74
2908,70,75
2909,85,93
2910,61,76
2911,76,86
2912,89,100
2913,51,68
2914,62,77
2915,81,81
2916,80,86
2917,65,84
2918,81,98
2919,81,84
2920,83,91
2921,60,82
2922,59,72
2923,64,79
2924,66,89
2925,89,98
2926,67,80
2927,58,74
2928,74,97
2929,89,100
2930,63,79
2931,74,85
2932,99,100
2933,71,89
2934,79,87
2935,69,87
2936,70,84
2937,93,100
2938,81,89
2939,100,100
2940,95,100
2941,98,100
2942,70,87
2943,84,94
2944,81,87
2945,79,100
2946,88,94
2947,98,100
2948,61,70
2949,90,100
2950,96,100
2951,67,79
2952,70,86
2953,62,79
2954,70,81
2955,57,70
2956,95,97
2957,89,100
2958,95,99
2959,56,74
2960,72,90
2961,93,100
2962,81,90
2963,60,82
2964,71,84
2965,71,79
2966,92,100
2967,74,91
2968,71,83
2969,77,95
2970,78,88
2971,62,76
2972,67,78
2973,51,73
2974,78,91
2975,70,80
2976,64,78
2977,76,75
2978,99,100
2979,80,92
2980,64,68
2981,100,100
2982,72,85
2983,73,81
2984,93,100
2985,62,81
2986,71,88
2987,92,90
2988,86,96
2989,82,92
2990,52,66
2991,68,82
2992,72,81
2993,78,93
2994,79,96
2995,88,100
2996,93,100
2997,96,100
2998,74,94
2999,86,98
3000,96,100
3001,57,82
3002,91,100
3003,65,74
3004,57,81
3005,50,69
3006,93,100
3007,54,63
3008,52,70
3009,50,70
3010,53,80
3011,89,100
3012,84,94
3013,81,96
3014,91,100
3015,83,96
3016,92,100
3017,74,86
3018,59,79
3019,70,88
3020,95,100
3021,88,87
3022,76,84
3023,76,94
3024,51,60
3025,90,100
3026,97,100
3027,62,80
3028,58,79
3029,85,100
3030,71,86
3031,91,96
3032,75,95
3033,61,86
3034,66,77
3035,63,73
3036,63,80
3037,83,93
3038,69,86
3039,60,84
3040,65,71
3041,100,100
3042,80,92
3043,55,76
3044,68,87
3045,86,100
3046,53,73
3047,96,100
3048,53,74
3049,69,82
3050,59,68
3051,73,82
3052,84,97
3053,75,86
3054,86,95
3055,87,100
3056,70,90
3057,89,100
3058,88,100
3059,70,84
3060,59,78
3061,87,100
3062,95,100
3063,53,69
3064,94,100
3065,69,88
3066,66,72
3067,56,72
3068,53,69
3069,78,89
3070,63,85
3071,52,72
3072,73,82
3073,86,97
3074,65,85
3075,53,72
3076,73,85
3077,83,98
3078,79,100
3079,67,86
3080,68,91
3081,80,91
3082,68,85
3083,98,100
3084,95,100
3085,68,87
3086,71,83
3087,73,92
3088,94,97
3089,61,73
3090,79,100
3091,87,97
3092,80,98
3093,85,100
3094,68,73
3095,97,100
3096,94,100
3097,85,100
3098,79,88
3099,98,100
3100,82,92
3101,67,89
3102,98,100
3103,77,96
3104,96,100
3105,60,69
3106,94,90
3107,82,97
3108,66,82
3109,55,77
3110,53,72
3111,69,96
3112,97,100
3113,96,100
3114,76,93
3115,64,80
3116,55,75
3117,96,100
3118,63,81
3119,60,76
3120,88,95
3121,58,87
3122,75,85
3123,65,83
3124,54,70
3125,59,79
3126,99,100
3127,52,77
3128,62,91
3129,92,100
3130,98,100
3131,79,92
3132,94,100
3133,55,86
3134,66,82
3135,94,98
3136,100,100
3137,68,86
3138,91,100
3139,84,96
3140,95,100
3141,75,97
3142,100,100
3143,54,67
3144,78,97
3145,86,100
3146,69,85
3147,98,100
3148,70,84
3149,59,77
3150,54,78
3151,85,99
3152,55,68
3153,75,92
3154,53,71
3155,88,100
3156,88,100
3157,99,100
3158,84,93
3159,50,70
3160,73,94
3161,85,95
3162,55,75
3163,90,98
3164,95,100
3165,93,100
3166,80,96
3167,69,96
3168,73,87
3169,74,90
3170,85,93
3171,70,90
3172,79,96
3173,73,97
3174,93,100
3175,91,100
3176,79,92
3177,71,89
3178,77,92
3179,56,81
3180,84,100
3181,77,91
3182,63,74
3183,59,85
3184,65,86
3185,65,82
3186,80,98
3187,91,100
3188,74,97
3189,62,71
3190,55,73
3191,93,100
3192,58,81
3193,94,100
3194,85,93
3195,92,100
3196,69,92
3197,67,77
3198,92,100
3199,70,87
3200,53,66
3201,99,100
3202,82,100
3203,76,90
3204,56,78
3205,55,77
3206,64,83
3207,67,82
3208,81,100
3209,60,72
3210,69,87
3211,73,97
3212,64,81
3213,97,100
3214,56,80
3215,70,88
3216,91,100
3217,75,92
3218,93,94
3219,63,88
3220,86,100
3221,70,94
3222,67,68
3223,54,77
3224,52,71
3225,72,84
3226,75,92
3227,86,100
3228,73,93
3229,98,100
3230,68,81
3231,100,100
3232,74,87
3233,70,79
3234,61,74
3235,90,100
3236,82,100
3237,99,100
3238,53,70
3239,91,99
3240,56,77
3241,71,95
3242,82,100
3243,66,86
3244,73,91
3245,83,96
3246,77,92
3247,92,100
3248,90,100
3249,88,100
3250,71,89
3251,98,100
3252,66,84
3253,83,88
3254,55,79
3255,95,100
3256,55,73
3257,83,100
3258,50,76
3259,59,86
3260,70,87
3261,54,66
3262,51,74
3263,71,90
3264,97,100
3265,51,72
3266,59,80
3267,83,100
3268,65,86
3269,97,100
3270,100,100
3271,88,100
3272,71,92
3273,61,78
3274,73,91
3275,96,100
3276,89,100
3277,87,100
3278,59,74
3279,84,98
3280,100,100
3281,98,100
3282,81,92
3283,56,78
3284,70,90
3285,69,87
3286,75,90
3287,53,73
3288,95,100
3289,71,90
3290,64,82
3291,89,100
3292,70,98
3293,64,77
3294,71,92
3295,77,100
3296,63,84
3297,76,94
3298,90,100
3299,89,100
3300,77,98
3301,75,86
3302,98,100
3303,51,62
3304,74,91
3305,52,70
3306,57,80
3307,93,99
3308,82,96
3309,91,100
3310,84,96
3311,55,67
3312,88,100
3313,72,87
3314,74,91
3315,99,100
3316,92,100
3317,68,79
3318,54,90
3319,100,100
3320,60,82
3321,61,79
3322,59,77
3323,57,74
3324,73,94
3325,77,87
3326,90,100
3327,85,90
3328,86,100
3329,70,93
3330,57,72
3331,58,83
3332,96,100
3333,64,92
3334,97,100
3335,95,100
3336,89,92
3337,67,85
3338,91,97
3339,69,97
3340,55,76
3341,61,81
3342,51,76
3343,56,78
3344,65,82
3345,52,68
3346,94,100
3347,52,76
3348,76,97
3349,99,100
3350,92,96
3351,89,100
3352,87,100
3353,82,98
3354,77,83
3355,50,67
3356,57,80
3357,86,100
3358,81,100
3359,97,100
3360,92,100
3361,86,97
3362,53,77
3363,79,97
3364,55,73
3365,95,100
3366,68,79
3367,81,97
3368,58,75
3369,61,91
3370,60,84
3371,95,100
3372,65,84
3373,50,83
3374,94,100
3375,70,80
3376,79,98
3377,62,84
3378,83,100
3379,53,79
3380,77,100
3381,87,94
3382,80,91
3383,76,97
3384,54,71
3385,74,85
3386,52,84
3387,82,91
3388,53,74
3389,74,92
3390,69,95
3391,83,90
3392,75,95
3393,54,72
3394,84,100
3395,77,91
3396,78,100
3397,58,75
3398,87,91
3399,99,100
3400,55,76
3401,68,93
3402,93,100
3403,60,75
3404,51,79
3405,96,100
3406,93,100
3407,93,100
3408,58,81
3409,70,86
3410,73,87
3411,83,100
3412,71,86
3413,52,68
3414,61,89
3415,77,98
3416,79,100
3417,75,98
3418,97,100
3419,70,90
3420,77,90
3421,75,85
3422,82,97
3423,70,95
3424,84,100
3425,83,93
3426,90,100
3427,100,100
3428,96,100
3429,67,91
3430,60,81
3431,72,84
3432,97,100
3433,71,96
3434,66,85
3435,54,83
3436,93,100
3437,60,87
3438,79,94
3439,64,73
3440,76,96
3441,84,100
3442,82,99
3443,69,79
3444,65,83
3445,83,99
3446,51,69
3447,84,88
3448,89,100
3449,77,92
3450,96,100
3451,88,100
3452,55,80
3453,58,80
3454,69,90
3455,50,66
3456,57,74
3457,72,97
3458,52,77
3459,53,74
3460,74,96
3461,96,100
3462,87,100
3463,64,86
3464,70,85
3465,84,100
3466,95,100
3467,63,90
3468,85,94
3469,61,84
3470,66,83
3471,88,100
3472,58,85
3473,84,100
3474,62,80
3475,64,85
3476,67,85
3477,100,100
3478,82,100
3479,55,74
3480,76,100
3481,72,99
3482,76,100
3483,83,100
3484,95,100
3485,87,100
3486,63,84
3487,85,100
3488,57,78
3489,84,100
3490,68,89
3491,79,100
3492,63,88
3493,69,84
3494,98,100
3495,74,87
3496,89,100
3497,73,94
3498,63,82
3499,75,98
3500,87,100
3501,72,93
3502,71,92
3503,97,100
3504,68,84
3505,95,100
3506,100,100
3507,52,69
3508,91,100
3509,68,100
3510,58,85
3511,77,99
3512,69,94
3513,94,100
3514,56,81
3515,63,85
3516,58,90
3517,68,89
3518,96,100
3519,63,79
3520,87,100
3521,85,100
3522,89,100
3523,66,90
3524,79,99
3525,58,86
3526,82,100
3527,74,94
3528,63,80
3529,60,79
3530,84,100
3531,90,100
3532,63,94
3533,79,100
3534,90,100
3535,53,82
3536,53,71
3537,77,98
3538,57,74
3539,51,74
3540,90,100
3541,95,100
3542,71,95
3543,90,99
3544,65,93
3545,78,94
3546,98,100
3547,97,100
3548,79,95
3549,61,74
3550,84,99
3551,60,89
3552,95,100
3553,99,100
3554,70,92
3555,70,92
3556,54,88
3557,97,100
3558,69,92
3559,86,100
3560,52,76
3561,93,100
3562,82,100
3563,58,73
3564,58,86
3565,53,77
3566,84,100
3567,66,85
3568,83,100
3569,73,93
3570,81,98
3571,50,72
3572,57,71
3573,94,100
3574,72,90
3575,96,100
3576,89,100
3577,61,81
3578,61,79
3579,95,100
3580,96,100
3581,64,89
3582,90,100
3583,68,94
3584,75,100
3585,78,96
3586,71,100
3587,89,100
3588,70,92
3589,100,100
3590,87,100
3591,69,79
3592,78,98
3593,100,100
3594,53,71
3595,56,84
3596,77,99
3597,77,100
3598,53,74
3599,71,97
3600,61,85
3601,94,100
3602,52,91
3603,71,100
3604,93,100
3605,51,88
3606,73,97
3607,83,97
3608,76,96
3609,90,100
3610,50,80
3611,57,76
3612,72,88
3613,87,100
3614,55,82
3615,71,96
3616,74,96
3617,67,85
3618,66,97
3619,61,79
3620,55,86
3621,75,99
3622,76,100
3623,57,79
3624,68,89
3625,91,100
3626,50,73
3627,78,99
3628,94,100
3629,98,100
3630,84,100
3631,89,100
3632,63,86
3633,84,100
3634,97,100
3635,94,100
3636,69,93
3637,98,100
3638,62,87
3639,87,100
3640,98,100
3641,95,100
3642,98,100
3643,57,85
3644,92,100
3645,69,94
3646,82,96
3647,75,97
3648,88,100
3649,70,95
3650,98,100
3651,91,100
3652,92,100
3653,90,100
3654,58,84
3655,73,90
3656,86,100
3657,98,100
3658,90,100
3659,66,85
3660,73,96
3661,70,84
3662,100,100
3663,88,100
3664,90,100
3665,88,100
3666,62,80
3667,60,83
3668,95,100
3669,68,95
3670,60,91
3671,62,79
3672,95,100
3673,94,100
3674,50,75
3675,89,100
3676,93,100
3677,68,86
3678,61,89
3679,57,76
3680,57,76
3681,94,100
3682,61,85
3683,97,100
3684,82,100
3685,94,100
3686,75,96
3687,88,100
3688,77,100
3689,54,78
3690,57,75
3691,74,100
3692,76,100
3693,95,100
3694,72,91
3695,79,96
3696,94,100
3697,96,100
3698,72,91
3699,98,100
3700,96,100
3701,69,84
3702,67,88
3703,67,82
3704,51,78
3705,53,69
3706,79,100
3707,82,96
3708,85,96
3709,67,88
3710,86,100
3711,68,95
3712,96,100
3713,77,92
3714,89,100
3715,69,100
3716,98,100
3717,82,98
3718,61,93
3719,100,100
3720,64,93
3721,90,100
3722,88,100
3723,51,84
3724,78,98
3725,90,100
3726,59,86
3727,51,72
3728,100,100
3729,60,90
3730,62,90
3731,59,84
3732,63,78
3733,67,81
3734,100,100
3735,58,81
3736,88,100
3737,77,91
3738,52,84
3739,69,86
3740,55,74
3741,76,98
3742,51,83
3743,78,100
3744,87,100
3745,52,86
3746,65,83
3747,79,100
3748,89,99
3749,51,75
3750,66,93
3751,90,100
3752,61,81
3753,84,99
3754,92,100
3755,50,84
3756,94,100
3757,64,86
3758,75,83
3759,86,100
3760,70,97
3761,98,100
3762,80,100
3763,74,97
3764,72,100
3765,73,92
3766,87,100
3767,77,96
3768,70,100
3769,92,100
3770,67,91
3771,85,100
3772,84,93
3773,94,100
3774,58,78
3775,87,100
3776,79,95
3777,93,100
3778,83,100
3779,81,100
3780,52,77
3781,52,81
3782,77,100
3783,93,100
3784,64,87
3785,90,100
3786,72,100
3787,89,100
3788,60,81
3789,97,100
3790,81,97
3791,85,96
3792,82,100
3793,73,85
3794,88,100
3795,83,100
3796,77,100
3797,86,100
3798,56,77
3799,53,82
3800,86,100
3801,50,79
3802,50,78
3803,96,100
3804,69,90
3805,68,100
3806,78,100
3807,59,83
3808,67,93
3809,77,95
3810,84,100
3811,92,100
3812,96,100
3813,80,100
3814,76,96
3815,60,80
3816,98,100
3817,98,100
3818,87,100
3819,54,85
3820,57,88
3821,83,100
3822,97,100
3823,61,90
3824,87,100
3825,50,76
3826,80,94
3827,53,84
3828,98,100
3829,94,100
3830,99,100
3831,54,83
3832,79,100
3833,73,92
3834,52,75
3835,60,82
3836,94,100
3837,53,76
3838,75,94
3839,76,100
3840,95,100
3841,92,100
3842,76,96
3843,91,100
3844,100,100
3845,99,100
3846,55,86
3847,64,96
3848,79,98
3849,91,100
3850,86,100
3851,86,100
3852,91,100
3853,86,100
3854,84,100
3855,72,95
3856,55,90
3857,53,76
3858,67,100
3859,58,84
3860,98,100
3861,78,100
3862,62,90
3863,96,100
3864,66,89
3865,94,100
3866,81,100
3867,97,100
3868,71,87
3869,53,78
3870,54,87
3871,86,100
3872,90,100
3873,98,100
3874,62,87
3875,83,100
3876,94,100
3877,71,93
3878,72,100
3879,100,100
3880,52,89
3881,91,100
3882,83,100
3883,81,100
3884,94,100
3885,100,100
3886,98,100
3887,70,94
3888,95,100
3889,93,100
3890,70,99
3891,93,100
3892,60,85
3893,88,100
3894,53,71
3895,100,100
3896,50,88
3897,77,100
3898,73,94
3899,84,100
3900,62,91
3901,96,100
3902,83,98
3903,60,77
3904,85,100
3905,100,100
3906,66,91
3907,84,100
3908,67,90
3909,89,100
3910,71,92
3911,73,99
3912,68,94
3913,86,100
3914,88,100
3915,70,95
3916,57,86
3917,77,99
3918,54,75
3919,66,98
3920,86,100
3921,85,100
3922,68,95
3923,76,100
3924,83,100
3925,60,87
3926,94,100
3927,96,100
3928,61,96
3929,70,100
3930,60,82
3931,88,100
3932,77,98
3933,54,73
3934,66,93
3935,69,90
3936,90,100
3937,95,100
3938,61,92
3939,55,87
3940,66,88
3941,100,100
3942,68,94
3943,75,100
3944,97,100
3945,93,100
3946,93,100
3947,81,100
3948,55,86
3949,85,100
3950,87,100
3951,60,92
3952,82,100
3953,73,100
3954,72,96
3955,64,89
3956,76,100
3957,60,88
3958,100,100
3959,99,100
3960,66,88
3961,100,100
3962,63,81
3963,76,99
3964,67,88
3965,77,89
3966,100,100
3967,96,100
3968,96,100
3969,53,78
3970,56,93
3971,94,100
3972,84,100
3973,97,100
3974,58,93
3975,57,90
3976,94,100
3977,66,87
3978,66,88
3979,98,100
3980,82,100
3981,81,100
3982,57,89
3983,68,98
3984,87,100
3985,52,73
3986,54,77
3987,62,86
3988,96,100
3989,95,100
3990,80,98
3991,65,94
3992,99,100
3993,81,100
3994,71,96
3995,78,100
3996,71,91
3997,92,100
3998,52,79
3999,59,86
4000,91,100
4001,70,94
4002,65,90
4003,61,78
4004,51,85
4005,90,100
4006,73,99
4007,84,100
4008,79,98
4009,79,100
4010,96,100
4011,84,100
4012,68,98
4013,99,100
4014,57,89
4015,75,100
4016,98,100
4017,89,100
4018,56,85
4019,79,100
4020,56,83
4021,52,77
4022,50,81
4023,85,100
4024,74,100
4025,86,100
4026,50,86
4027,64,93
4028,86,100
4029,62,81
4030,89,100
4031,57,80
4032,54,86
4033,58,90
4034,50,81
4035,85,100
4036,84,100
4037,51,79
4038,89,100
4039,72,98
4040,58,87
4041,83,100
4042,95,100
4043,63,97
4044,53,74
4045,79,98
4046,80,100
4047,87,100
4048,60,100
4049,84,100
4050,57,94
4051,52,72
4052,63,83
4053,62,94
4054,94,100
4055,81,100
4056,83,100
4057,94,100
4058,68,95
4059,87,100
4060,65,93
4061,51,84
4062,89,100
4063,66,95
4064,83,100
4065,91,100
4066,65,93
4067,87,100
4068,51,84
4069,51,85
4070,75,95
4071,62,87
4072,96,100
4073,80,100
4074,83,98
4075,88,94
4076,52,88
4077,57,78
4078,72,100
4079,63,94
4080,76,99
4081,78,100
4082,88,100
4083,88,100
4084,50,80
4085,66,88
4086,90,100
4087,79,100
4088,62,89
4089,70,96
4090,68,95
4091,68,100
4092,74,98
4093,71,100
4094,80,100
4095,66,100
4096,72,96
4097,81,100
4098,59,87
4099,59,73
4100,85,100
4101,57,89
4102,69,98
4103,81,99
4104,99,100
4105,63,93
4106,99,100
4107,77,100
4108,95,100
4109,73,99
4110,64,89
4111,71,100
4112,79,100
4113,53,76
4114,62,91
4115,72,92
4116,57,81
4117,67,91
4118,61,90
4119,80,100
4120,63,89
4121,83,100
4122,67,92
4123,83,100
4124,60,74
4125,90,100
4126,61,97
4127,98,100
4128,64,98
4129,80,95
4130,98,100
4131,78,100
4132,75,100
4133,67,89
4134,81,100
4135,71,100
4136,87,100
4137,66,96
4138,72,85
4139,73,100
4140,99,100
4141,57,84
4142,90,100
4143,55,87
4144,54,84
4145,93,100
4146,78,95
4147,77,100
4148,60,85
4149,50,86
4150,92,100
4151,68,99
4152,58,96
4153,76,100
4154,83,100
4155,93,100
4156,53,86
4157,85,100
4158,67,98
4159,64,81
4160,100,100
4161,62,91
4162,68,87
4163,98,100
4164,55,74
4165,97,100
4166,61,89
4167,100,100
4168,86,100
4169,66,95
4170,72,93
4171,75,97
4172,78,100
4173,82,100
4174,76,100
4175,74,99
4176,59,87
4177,96,100
4178,72,100
4179,70,96
4180,70,89
4181,92,100
4182,62,90
4183,86,100
4184,82,100
4185,73,100
4186,93,100
4187,60,83
4188,66,93
4189,53,87
4190,96,100
4191,74,100
4192,79,100
4193,58,90
4194,70,94
4195,69,100
4196,68,95
4197,68,98
4198,61,86
4199,86,100
4200,91,100
4201,66,95
4202,86,100
4203,97,100
4204,88,100
4205,77,100
4206,90,100
4207,84,99
4208,96,100
4209,97,100
4210,67,87
4211,63,93
4212,84,100
4213,93,100
4214,90,100
4215,56,93
4216,90,100
4217,62,92
4218,67,95
4219,86,100
4220,62,93
4221,85,100
4222,80,100
4223,51,75
4224,65,94
4225,58,91
4226,58,86
4227,87,100
4228,60,84
4229,71,92
4230,82,100
4231,85,100
4232,94,100
4233,72,94
4234,94,100
4235,94,100
4236,83,100
4237,58,84
4238,73,97
4239,57,94
4240,56,91
4241,85,100
4242,67,100
4243,52,83
4244,77,100
4245,55,85
4246,93,100
4247,93,100
4248,70,97
4249,77,100
4250,89,100
4251,50,82
4252,85,100
4253,70,100
4254,92,100
4255,84,100
4256,62,93
4257,98,100
4258,59,88
4259,93,100
4260,96,100
4261,59,85
4262,95,100
4263,62,91
4264,86,100
4265,87,100
4266,73,100
4267,51,88
4268,71,100
4269,66,90
4270,85,100
4271,63,100
4272,59,90
4273,84,100
4274,74,94
4275,52,85
4276,96,100
4277,87,100
4278,66,87
4279,61,89
4280,73,100
4281,78,100
4282,92,100
4283,74,100
4284,85,100
4285,75,100
4286,87,100
4287,50,82
4288,69,100
4289,77,100
4290,65,95
4291,96,100
4292,66,100
4293,89,100
4294,77,97
4295,61,84
4296,76,99
4297,91,100
4298,96,100
4299,79,100
4300,90,100
4301,83,100
4302,86,100
4303,55,86
4304,56,86
4305,81,100
4306,81,100
4307,74,100
4308,82,100
4309,56,93
4310,61,91
4311,65,95
4312,65,100
4313,92,100
4314,85,100
4315,62,92
4316,56,87
4317,85,100
4318,96,100
4319,100,100
4320,58,100
4321,81,100
4322,60,80
4323,57,84
4324,82,100
4325,72,100
4326,74,100
4327,57,88
4328,94,100
4329,71,100
4330,53,81
4331,89,100
4332,52,78
4333,78,100
4334,90,100
4335,78,100
4336,83,100
4337,83,100
4338,77,98
4339,62,85
4340,64,98
4341,72,98
4342,93,100
4343,75,100
4344,53,91
4345,75,95
4346,89,100
4347,58,92
4348,54,89
4349,81,100
4350,69,94
4351,99,100
4352,60,93
4353,64,86
4354,81,100
4355,77,100
4356,71,91
4357,90,100
4358,66,87
4359,75,100
4360,93,100
4361,56,85
4362,91,100
4363,75,96
4364,74,100
4365,59,81
4366,94,100
4367,68,100
4368,60,80
4369,62,90
4370,57,87
4371,89,100
4372,53,91
4373,96,100
4374,80,100
4375,77,100
4376,60,91
4377,92,100
4378,50,86
4379,98,100
4380,96,100
4381,87,100
4382,73,96
4383,96,100
4384,80,100
4385,90,100
4386,95,100
4387,99,100
4388,75,100
4389,98,100
4390,99,100
4391,54,78
4392,69,100
4393,90,100
4394,60,91
4395,82,100
4396,99,100
4397,87,100
4398,76,100
4399,83,100
4400,64,93
4401,81,100
4402,70,100
4403,95,100
4404,54,99
4405,55,91
4406,87,100
4407,71,98
4408,67,100
4409,63,90
4410,59,86
4411,95,100
4412,62,93
4413,80,100
4414,79,100
4415,52,90
4416,79,100
4417,55,93
4418,78,100
4419,57,94
4420,93,100
4421,94,100
4422,92,100
4423,93,100
4424,82,100
4425,66,87
4426,97,100
4427,60,88
4428,62,97
4429,99,100
4430,60,90
4431,80,100
4432,77,100
4433,93,100
4434,55,82
4435,90,100
4436,65,93
4437,53,82
4438,84,100
4439,97,100
4440,75,99
4441,61,92
4442,60,93
4443,86,100
4444,74,100
4445,67,90
4446,68,89
4447,72,100
4448,87,100
4449,67,92
4450,75,100
4451,55,89
4452,53,82
4453,93,100
4454,100,100
4455,78,100
4456,83,100
4457,66,91
4458,92,100
4459,92,100
4460,65,96
4461,51,86
4462,83,100
4463,57,93
4464,62,97
4465,91,100
4466,57,85
4467,79,100
4468,81,100
4469,85,100
4470,96,100
4471,79,100
4472,50,84
4473,92,100
4474,88,100
4475,66,93
4476,69,97
4477,73,100
4478,99,100
4479,71,100
4480,78,100
4481,71,99
4482,93,100
4483,58,89
4484,86,100
4485,59,95
4486,85,100
4487,86,100
4488,77,100
4489,77,100
4490,91,100
4491,92,100
4492,70,100
4493,73,100
4494,91,100
4495,89,100
4496,51,77
4497,57,89
4498,97,100
4499,76,100
4500,71,100
4501,86,100
4502,76,100
4503,78,100
4504,52,80
4505,93,100
4506,62,100
4507,94,100
4508,59,82
4509,85,100
4510,58,90
4511,76,100
4512,83,100
4513,100,100
4514,50,77
4515,81,100
4516,74,98
4517,78,100
4518,56,86
4519,98,100
4520,52,86
4521,69,100
4522,69,97
4523,79,100
4524,84,100
4525,84,100
4526,98,100
4527,88,100
4528,76,100
4529,75,100
4530,63,96
4531,66,94
4532,67,100
4533,94,100
4534,78,100
4535,69,99
4536,76,100
4537,67,97
4538,53,85
4539,50,85
4540,99,100
4541,50,85
4542,75,100
4543,94,100
4544,69,100
4545,72,99
4546,59,100
4547,60,100
4548,90,100
4549,90,100
4550,54,87
4551,50,87
4552,66,94
4553,71,96
4554,83,100
4555,94,100
4556,90,100
4557,78,100
4558,53,87
4559,54,93
4560,60,90
4561,100,100
4562,70,100
4563,84,100
4564,61,100
4565,75,100
4566,100,100
4567,68,98
4568,94,100
4569,56,88
4570,96,100
4571,56,86
4572,75,100
4573,89,100
4574,54,91
4575,70,100
4576,63,96
4577,53,91
4578,72,100
4579,91,100
4580,69,100
4581,64,100
4582,99,100
4583,94,100
4584,78,100
4585,57,100
4586,90,100
4587,97,100
4588,68,100
4589,97,100
4590,88,100
4591,95,100
4592,77,100
4593,95,100
4594,76,100
4595,53,96
4596,64,100
4597,84,100
4598,86,100
4599,50,82
4600,52,85
4601,96,100
4602,73,100
4603,76,100
4604,89,100
4605,85,100
4606,83,100
4607,78,100
4608,73,94
4609,73,100
4610,91,100
4611,53,87
4612,52,89
4613,83,100
4614,98,100
4615,72,95
4616,72,100
4617,94,100
4618,54,93
4619,80,100
4620,90,100
4621,55,91
4622,86,100
4623,59,91
4624,89,100
4625,56,77
4626,88,100
4627,87,100
4628,70,100
4629,69,100
4630,52,96
4631,100,100
4632,71,100
4633,96,100
4634,53,92
4635,77,100
4636,61,91
4637,87,100
4638,100,100
4639,85,100
4640,96,100
4641,90,100
4642,54,85
4643,62,100
4644,72,100
4645,99,100
4646,79,100
4647,86,100
4648,74,100
4649,97,100
4650,76,100
4651,100,100
4652,63,91
4653,97,100
4654,96,100
4655,85,100
4656,88,100
4657,65,100
4658,71,100
4659,70,100
4660,70,97
4661,57,85
4662,98,100
4663,65,98
4664,80,100
4665,91,100
4666,59,96
4667,81,100
4668,83,100
4669,58,86
4670,66,100
4671,60,94
4672,81,100
4673,59,94
4674,71,93
4675,66,100
4676,53,79
4677,97,100
4678,96,100
4679,74,100
4680,70,100
4681,86,100
4682,87,100
4683,98,100
4684,50,88
4685,74,100
4686,100,100
4687,85,100
4688,66,97
4689,90,100
4690,73,97
4691,51,87
4692,89,100
4693,64,100
4694,81,100
4695,88,100
4696,55,91
4697,50,84
4698,96,100
4699,72,100
4700,88,100
4701,66,96
4702,83,100
4703,90,100
4704,78,100
4705,58,93
4706,62,84
4707,55,82
4708,55,89
4709,69,99
4710,52,88
4711,66,97
4712,98,100
4713,61,84
4714,97,100
4715,96,100
4716,94,100
4717,50,91
4718,66,100
4719,52,85
4720,75,100
4721,64,88
4722,85,100
4723,81,100
4724,81,100
4725,53,88
4726,67,95
4727,98,100
4728,68,100
4729,92,100
4730,84,100
4731,89,100
4732,63,100
4733,82,100
4734,63,100
4735,83,100
4736,53,80
4737,73,100
4738,78,100
4739,68,98
4740,55,93
4741,82,100
4742,98,100
4743,89,100
4744,68,100
4745,50,88
4746,54,91
4747,76,100
4748,65,100
4749,55,81
4750,89,100
4751,62,100
4752,97,100
4753,84,100
4754,68,99
4755,61,95
4756,65,100
4757,92,100
4758,59,97
4759,74,100
4760,69,100
4761,80,100
4762,53,98
4763,93,100
4764,72,100
4765,51,98
4766,71,100
4767,100,100
4768,86,100
4769,57,86
4770,56,100
4771,63,100
4772,52,89
4773,99,100
4774,65,94
4775,68,94
4776,100,100
4777,67,100
4778,65,100
4779,57,87
4780,82,100
4781,98,100
4782,61,96
4783,60,100
4784,54,96
4785,76,100
4786,61,95
4787,66,100
4788,55,95
4789,82,100
4790,54,90
4791,77,100
4792,63,99
4793,54,88
4794,82,100
4795,99,100
4796,97,100
4797,90,100
4798,68,100
4799,71,100
4800,54,87
4801,51,90
4802,79,100
4803,96,100
4804,88,100
4805,53,85
4806,82,100
4807,62,100
4808,69,100
4809,56,97
4810,64,100
4811,72,100
4812,63,100
4813,72,100
4814,68,100
4815,78,100
4816,69,100
4817,78,100
4818,73,100
4819,67,100
4820,59,89
4821,90,100
4822,57,93
4823,75,100
4824,78,100
4825,59,100
4826,66,100
4827,51,93
4828,55,93
4829,54,89
4830,77,100
4831,90,100
4832,54,81
4833,67,100
4834,75,100
4835,69,100
4836,90,100
4837,98,100
4838,76,100
4839,98,100
4840,61,100
4841,56,92
4842,52,98
4843,59,100
4844,83,100
4845,74,100
4846,84,100
4847,65,100
4848,51,84
4849,73,100
4850,59,100
4851,87,100
4852,71,100
4853,75,100
4854,92,100
4855,88,100
4856,76,100
4857,78,100
4858,96,100
4859,87,100
4860,69,100
4861,76,100
4862,90,100
4863,69,100
4864,93,100
4865,68,97
4866,69,100
4867,84,100
4868,96,100
4869,51,88
4870,79,100
4871,83,100
4872,71,100
4873,52,96
4874,55,95
4875,64,99
4876,76,100
4877,59,92
4878,58,92
4879,82,100
4880,81,100
4881,97,100
4882,55,94
4883,90,100
4884,85,100
4885,51,83
4886,78,100
4887,53,89
4888,50,89
4889,68,100
4890,75,100
4891,74,100
4892,59,96
4893,64,100
4894,71,100
4895,100,100
4896,97,100
4897,70,100
4898,71,98
4899,85,100
4900,83,100
4901,79,100
4902,74,100
4903,94,100
4904,77,100
4905,50,95
4906,98,100
4907,94,100
4908,53,91
4909,56,91
4910,98,100
4911,58,91
4912,85,100
4913,68,97
4914,50,85
4915,59,100
4916,85,100
4917,58,99
4918,94,100
4919,95,100
4920,91,100
4921,81,100
4922,81,100
4923,55,94
4924,97,100
4925,87,100
4926,66,100
4927,59,93
4928,99,100
4929,76,100
4930,99,100
4931,84,100
4932,70,100
4933,74,100
4934,77,100
4935,96,100
4936,64,94
4937,53,100
4938,78,100
4939,58,100
4940,76,100
4941,75,100
4942,68,100
4943,77,100
4944,66,100
4945,92,100
4946,90,100
4947,91,100
4948,99,100
4949,69,100
4950,94,100
4951,89,100
4952,88,100
4953,98,100
4954,72,100
4955,96,100
4956,81,100
4957,96,100
4958,82,100
4959,95,100
4960,54,94
4961,92,100
4962,97,100
4963,83,100
4964,89,100
4965,60,100
4966,99,100
4967,52,94
4968,82,100
4969,60,96
4970,65,93
4971,67,100
4972,79,100
4973,97,100
4974,59,100
4975,67,98
4976,87,100
4977,68,100
4978,85,100
4979,62,95
4980,95,100
4981,52,84
4982,59,94
4983,87,100
4984,50,90
4985,76,100
4986,95,100
4987,57,100
4988,100,100
4989,95,100
4990,91,100
4991,66,100
4992,58,92
4993,55,94
4994,92,100
4995,74,100
4996,88,100
4997,98,100
4998,77,100
4999,82,100
5000,86,100
